Name,Error,Memory,Time,Language,OS
apache2,2.235941309108563e-08,0.0044708251953125,131.75052857398987,1,0
cfd1,6.628463220213457e-12,0.003326416015625,6.205471515655518,1,0
cfd2,1.3341607203624653e-10,0.003326416015625,14.834671020507812,1,0
ex15,5.281170158918629e-05,0.003326416015625,0.019425392150878906,1,0
