Name,Error,Memory,Time,Language,OS
apache2,2.235941309108563e-08,0.0044097900390625,90.78824257850647,1,0
cfd1,6.628463220213457e-12,0.003326416015625,7.9653520584106445,1,0
cfd2,1.3341607203624653e-10,0.003326416015625,18.600512742996216,1,0
ex15,5.281170158918629e-05,0.003326416015625,0.02233743667602539,1,0
