Name,Error,Memory,Time
apache2,2.235941309108563e-08,0.00444793701171875,70.16535544395447
cfd1,6.628463220213457e-12,0.003326416015625,4.662756681442261
cfd2,1.3341607203624653e-10,0.003326416015625,11.871741771697998
ex15,5.281170158918629e-05,0.003326416015625,0.01703953742980957
G3_circuit,3.452567931743837e-09,210.6205587387085,27.754176139831543
parabolic_fem,8.836779374701421e-10,0.003326416015625,7.043472766876221
shallow_water1,6.923992032066916e-14,9.067514419555664,0.6725442409515381
