Name,Error,Memory,Time
apache2,2.235941309108563e-08,0.00444793701171875,77.77021169662476
cfd1,6.628463220213457e-12,0.003326416015625,4.967703580856323
cfd2,1.3341607203624653e-10,0.003326416015625,12.423553228378296
ex15,5.281170158918629e-05,0.003326416015625,0.017946958541870117
G3_circuit,3.452567931743837e-09,210.6205587387085,30.98875594139099
parabolic_fem,8.836779374701421e-10,0.003326416015625,7.67888617515564
shallow_water1,6.923992032066916e-14,9.067514419555664,0.6467480659484863
