Name,Error,Memory,Time,Language
apache2,2.235941309108563e-08,0.0044708251953125,70.49812197685242,1
cfd1,6.628463220213457e-12,0.003326416015625,5.207796335220337,1
