Name,Error,Memory,Time,Language,OS
Name,Error,Memory,Time,Language,OS
apache2,2.235941309108563e-08,0.0044708251953125,68.72618985176086,1,0
cfd1,6.628463220213457e-12,0.003326416015625,4.6404945850372314,1,0
cfd2,1.3341607203624653e-10,0.003326416015625,12.037020921707153,1,0
ex15,5.281170158918629e-05,0.003326416015625,0.015204191207885742,1,0
